<?xml version="1.0" encoding="UTF-8"?>
<addon
  id="pvr.tvwin"
  version="1.0.1"
  name="Pvr TvWin"
  provider-name="wapito">
  <requires>
    <c-pluff version="0.1"/>
    <import addon="xbmc.pvr" version="1.9.2"/>
  </requires>
  <extension
    point="xbmc.pvrclient"
    library_linux="Kodi_IPTV_Simple.pvr"
    library_osx="Kodi_IPTV_Simple.pvr"
    library_freebsd="Kodi_IPTV_Simple.pvr"
    library_wingl="TvWin_win32.dll"
    library_windx="TvWin_win32.dll"
    library_android="libKodi_IPTV_Simple.so" />
  <extension point="xbmc.addon.metadata">
    <summary>prv tvwin</summary>
		<description>tvwin</description>
		<platform>all</platform>
	</extension>
</addon>

