<?xml version="1.0" encoding="UTF-8" standalone="yes"?>
<addon id="repository.tvwin" name="TvWin Repository" version="1.0.2" provider-name="wapito">
	<extension point="xbmc.addon.repository" name="tvwin Addon Repository">
		<info compressed="false">http://raw.github.com/wapitores/tvwin.repository/master/addons.xml</info>
		<checksum>http://raw.github.com/wapitores/tvwin.repository/master/addons.xml.md5</checksum>
		<datadir zip="true">http://github.com/wapitores/tvwin.repository/raw/master/comprimidos</datadir>
	</extension>
	<extension point="xbmc.addon.metadata">
		<summary>actualizacion tvwin</summary>
		<description>tvwin</description>
		<platform>all</platform>
	</extension>
</addon>

